partner_id,partner_name,city,vehicle_type,partner_rating,joined_date,is_active,total_deliveries_done
1,Nikhil Mehta,Bangalore,Bike,4.6,2023-10-12,1,254
2,Kavya Reddy,Jaipur,Bike,3.7,2020-01-11,1,1122
3,Tarun Iyer,Bangalore,Bicycle,4.7,2021-03-28,1,781
4,Nikhil Shah,Mumbai,Bike,3.4,2020-09-29,0,1814
5,Rahul Das,Delhi,E-Scooter,3.2,2023-05-30,1,463
6,Pooja Iyer,Mumbai,Bike,4.6,2023-07-23,1,1012
7,Sunita Singh,Pune,Bike,4.9,2021-09-26,1,1856
8,Rekha Reddy,Hyderabad,Bike,3.6,2022-09-25,1,405
9,Manish Mehta,Mumbai,Bicycle,4.2,2023-02-17,1,112
10,Deepak Reddy,Jaipur,Bicycle,3.6,2022-11-03,1,1245
11,Sachin Singh,Chennai,Bicycle,4.1,2022-01-23,0,1932
12,Aditya Das,Pune,Bike,3.7,2020-08-25,1,274
13,Nikhil Reddy,Mumbai,Bike,3.7,2023-11-21,1,469
14,Deepak Kapoor,Delhi,Bicycle,4.1,2022-03-02,0,79
15,Swati Nair,Bangalore,Bike,4.4,2023-10-11,1,1746
16,Riya Patel,Hyderabad,Bike,5.0,2020-01-02,1,1313
17,Amit Patel,Delhi,Bicycle,4.9,2021-07-03,0,1279
18,Amit Mehta,Jaipur,Bike,4.3,2023-09-15,1,441
19,Amit Patel,Pune,Bike,4.2,2021-11-14,1,1014
20,Pooja Pillai,Delhi,Bike,3.9,2020-06-25,1,186
21,Pooja Reddy,Bangalore,E-Scooter,4.4,2023-01-26,1,57
22,Deepak Gupta,Bangalore,Bicycle,3.8,2022-09-23,1,861
23,Rekha Reddy,Hyderabad,Bike,4.0,2021-01-15,1,500
24,Vikas Iyer,Mumbai,Bike,4.4,2023-01-27,1,1517
25,Vikram Verma,Hyderabad,Bike,4.7,2021-03-30,0,479
26,Siddharth Joshi,Mumbai,Bike,3.9,2020-10-09,1,487
27,Sachin Singh,Hyderabad,Bike,5.0,2022-04-02,0,1684
28,Siddharth Gupta,Chennai,Bike,3.5,2021-08-15,1,1732
29,Divya Iyer,Delhi,Bike,4.3,2020-02-06,0,1950
30,Amit Pillai,Mumbai,Bicycle,3.6,2022-01-05,1,1329
31,Aditya Sharma,Bangalore,E-Scooter,4.8,2020-12-20,1,1744
32,Priya Iyer,Bangalore,Bike,3.7,2023-05-26,1,1335
33,Priya Reddy,Hyderabad,Bicycle,5.0,2022-06-21,1,581
34,Rekha Pillai,Mumbai,Bike,3.8,2020-11-10,1,208
35,Vikas Patel,Jaipur,Bicycle,4.5,2021-12-19,1,772
36,Karan Das,Bangalore,Bike,4.2,2021-04-14,1,1296
37,Sachin Kapoor,Chennai,Bike,4.7,2020-11-22,1,1177
38,Pooja Joshi,Bangalore,Bike,4.8,2020-01-27,1,866
39,Ananya Kapoor,Mumbai,Bike,3.5,2023-12-24,1,1417
40,Sachin Mehta,Hyderabad,Bicycle,4.2,2023-06-08,1,366
41,Sachin Kapoor,Kolkata,Bicycle,4.6,2020-06-01,1,324
42,Arjun Das,Chennai,Bike,3.9,2023-01-16,1,1270
43,Sneha Patel,Mumbai,Bike,3.4,2022-01-17,1,1257
44,Nikhil Nair,Bangalore,Bike,4.8,2022-03-05,1,1789
45,Divya Pillai,Bangalore,E-Scooter,3.6,2021-05-06,1,1055
46,Tarun Iyer,Delhi,E-Scooter,4.6,2023-09-05,1,441
47,Manish Pillai,Delhi,Bike,4.1,2021-01-01,1,1618
48,Rekha Joshi,Mumbai,Bike,3.8,2022-09-08,1,1778
49,Siddharth Patel,Chennai,Bike,4.4,2022-03-26,1,1285
50,Sunita Nair,Hyderabad,Bike,4.5,2021-03-11,1,687
51,Tarun Joshi,Delhi,Bike,3.3,2020-04-09,1,1039
52,Sachin Kumar,Kolkata,Bicycle,4.9,2022-10-03,1,1792
53,Nikhil Pillai,Mumbai,Bike,4.3,2021-09-03,1,1640
54,Rahul Patel,Bangalore,Bike,4.0,2023-09-17,1,964
55,Nisha Gupta,Bangalore,Bike,5.0,2023-06-03,1,596
56,Tarun Rao,Delhi,Bike,5.0,2022-06-11,1,100
57,Ananya Iyer,Kolkata,Bicycle,4.0,2021-04-08,1,185
58,Amit Mehta,Bangalore,Bike,4.6,2022-02-25,1,1828
59,Aditya Das,Mumbai,Bike,4.5,2020-09-05,1,1490
60,Asha Pillai,Hyderabad,Bike,4.1,2022-05-19,1,476
61,Amit Singh,Hyderabad,Bike,3.9,2022-12-31,1,1365
62,Gaurav Nair,Mumbai,Bike,3.7,2021-08-06,0,1558
63,Riya Shah,Delhi,Bike,3.7,2021-01-19,1,1682
64,Siddharth Joshi,Delhi,Bike,4.6,2023-08-08,1,571
65,Sunita Kumar,Delhi,Bike,4.3,2021-07-08,1,1381
66,Sachin Das,Mumbai,Bike,4.9,2023-12-14,1,919
67,Arjun Mehta,Mumbai,Bike,3.5,2020-09-14,1,1410
68,Aditya Singh,Mumbai,Bike,4.9,2023-10-16,0,516
69,Divya Reddy,Chennai,Bike,3.9,2023-10-13,1,1259
70,Riya Joshi,Delhi,Bike,4.7,2021-03-23,1,313
71,Sunita Gupta,Bangalore,Bike,3.7,2022-09-16,0,462
72,Arjun Gupta,Chennai,Bike,4.7,2021-06-24,0,1584
73,Sunita Kapoor,Mumbai,Bicycle,3.5,2022-05-16,0,901
74,Siddharth Kumar,Delhi,Bike,3.9,2021-10-07,1,2000
75,Amit Mehta,Mumbai,Bicycle,4.8,2021-03-07,1,1995
76,Amit Gupta,Kolkata,Bike,4.5,2020-12-08,1,1255
77,Rahul Joshi,Bangalore,Bicycle,4.9,2022-05-10,1,912
78,Neha Sharma,Bangalore,Bike,4.8,2022-08-12,1,356
79,Vikram Kapoor,Hyderabad,Bike,3.7,2022-08-16,1,552
80,Meera Singh,Chennai,Bike,4.7,2023-11-11,1,1855
81,Nisha Kapoor,Delhi,Bicycle,3.4,2021-08-19,1,1589
82,Rohan Singh,Mumbai,Bike,4.6,2021-07-08,1,1366
83,Neha Mehta,Delhi,Bike,4.6,2022-09-20,1,1453
84,Nisha Reddy,Bangalore,Bicycle,3.7,2020-03-10,1,1949
85,Rekha Mehta,Pune,Bike,3.5,2023-05-30,1,180
86,Rohan Reddy,Chennai,Bicycle,4.9,2021-02-01,0,867
87,Kavya Nair,Bangalore,Bike,3.7,2023-03-18,1,528
88,Pallavi Shah,Mumbai,Bike,4.5,2022-12-16,1,1456
89,Aditya Joshi,Bangalore,Bike,3.4,2021-02-09,1,1254
90,Tarun Pillai,Bangalore,Bike,3.8,2020-04-08,1,1459
91,Arjun Mehta,Mumbai,Bike,4.0,2022-10-07,1,244
92,Priya Shah,Bangalore,Bike,3.3,2023-01-28,1,1033
93,Rahul Rao,Jaipur,Bike,3.4,2020-05-23,0,562
94,Swati Iyer,Delhi,Bike,3.4,2023-05-28,1,1685
95,Riya Pillai,Bangalore,Bike,4.3,2021-09-21,1,705
96,Amit Mehta,Bangalore,Bicycle,4.7,2021-09-23,1,1384
97,Amit Iyer,Pune,Bicycle,4.4,2021-01-14,0,1527
98,Vikram Verma,Mumbai,Bicycle,3.6,2021-09-19,1,428
99,Kavya Iyer,Mumbai,E-Scooter,5.0,2022-12-10,0,1913
100,Asha Mehta,Hyderabad,E-Scooter,3.4,2021-03-23,1,246
101,Amit Sharma,Delhi,Bike,4.1,2020-06-09,1,574
102,Aditya Gupta,Delhi,Bike,5.0,2021-09-16,1,561
103,Sunita Gupta,Mumbai,Bike,4.7,2021-03-07,1,704
104,Aditya Gupta,Delhi,Bike,3.5,2021-08-01,1,1391
105,Asha Patel,Mumbai,E-Scooter,3.4,2020-11-18,1,678
106,Aditya Kumar,Mumbai,Bike,4.4,2021-07-18,1,825
107,Sneha Joshi,Kolkata,Bike,4.5,2021-01-29,1,1811
108,Divya Mehta,Delhi,Bike,3.7,2022-02-16,1,1632
109,Neha Pillai,Chennai,Bike,3.2,2021-02-13,1,930
110,Vikram Verma,Bangalore,Bicycle,4.5,2022-06-25,0,556
111,Siddharth Das,Bangalore,Bike,4.8,2021-01-11,1,1223
112,Sachin Shah,Bangalore,Bike,4.0,2020-12-26,1,1759
113,Karan Verma,Chennai,E-Scooter,5.0,2021-09-20,1,730
114,Rahul Reddy,Bangalore,Bike,4.8,2020-09-01,1,554
115,Tarun Patel,Pune,Bike,3.9,2021-04-11,1,1018
116,Meera Nair,Chennai,Bike,4.7,2022-12-20,1,640
117,Deepak Reddy,Pune,E-Scooter,3.9,2023-01-22,1,527
118,Riya Iyer,Delhi,Bike,4.3,2023-04-04,1,1869
119,Ananya Gupta,Delhi,Bike,4.8,2023-01-03,1,845
120,Aditya Gupta,Bangalore,Bike,3.8,2020-05-07,1,987
121,Manish Iyer,Pune,E-Scooter,4.5,2022-04-29,0,713
122,Asha Rao,Delhi,Bike,3.8,2023-03-09,1,1419
123,Pooja Kumar,Bangalore,Bike,4.2,2021-04-04,1,1258
124,Neha Singh,Hyderabad,Bike,3.8,2020-12-14,1,1074
125,Nikhil Joshi,Mumbai,Bike,3.4,2021-01-15,1,1701
126,Amit Kapoor,Mumbai,Bike,4.4,2023-04-18,1,58
127,Vikram Iyer,Kolkata,Bicycle,4.9,2023-11-05,1,1188
128,Nikhil Reddy,Pune,Bike,3.4,2020-07-09,0,865
129,Aditya Rao,Chennai,Bicycle,4.0,2020-10-12,1,619
130,Sunita Verma,Pune,Bike,4.5,2021-06-19,1,470
131,Rohan Kumar,Kolkata,Bike,4.5,2022-06-27,0,1255
132,Divya Sharma,Hyderabad,Bike,4.7,2021-02-11,1,1411
133,Asha Kumar,Mumbai,Bike,3.9,2023-11-16,1,648
134,Rahul Iyer,Bangalore,Bike,4.4,2021-10-01,1,1177
135,Karan Nair,Delhi,Bike,3.3,2021-08-28,1,766
136,Aditya Sharma,Chennai,Bike,4.6,2021-01-18,1,607
137,Priya Singh,Chennai,Bike,3.6,2021-02-26,1,1929
138,Gaurav Das,Hyderabad,Bike,3.6,2022-12-01,1,1677
139,Priya Reddy,Mumbai,Bike,3.3,2020-04-20,0,1060
140,Priya Singh,Hyderabad,E-Scooter,4.8,2020-05-21,1,71
141,Aditya Singh,Jaipur,Bicycle,3.3,2021-04-28,1,1939
142,Pallavi Patel,Mumbai,Bike,4.2,2023-10-01,1,904
143,Nikhil Patel,Kolkata,Bicycle,3.3,2022-08-22,1,554
144,Sneha Joshi,Delhi,Bike,4.8,2023-12-22,1,1183
145,Amit Patel,Delhi,Bike,3.6,2021-10-22,1,1029
146,Asha Kumar,Bangalore,Bike,4.9,2022-07-08,1,1935
147,Priya Singh,Bangalore,Bike,4.1,2023-08-21,1,226
148,Sneha Joshi,Chennai,E-Scooter,4.6,2020-05-31,1,683
149,Gaurav Sharma,Kolkata,E-Scooter,3.7,2021-12-21,1,58
150,Pallavi Singh,Mumbai,Bike,3.4,2023-07-29,1,1793
151,Karan Gupta,Hyderabad,E-Scooter,4.9,2020-04-26,1,1294
152,Pooja Das,Mumbai,Bicycle,3.9,2021-08-14,1,927
153,Rahul Nair,Mumbai,Bike,4.9,2020-02-28,0,1072
154,Sneha Kapoor,Delhi,Bike,4.2,2021-03-20,1,1363
155,Meera Rao,Mumbai,E-Scooter,3.3,2021-01-03,1,737
156,Priya Iyer,Mumbai,Bike,4.0,2022-10-25,1,186
157,Vikram Shah,Delhi,Bike,5.0,2020-09-29,1,1067
158,Vikas Singh,Chennai,Bike,4.3,2021-03-15,1,1706
159,Manish Pillai,Mumbai,Bike,4.3,2022-08-11,1,1126
160,Meera Iyer,Kolkata,Bike,3.7,2022-06-04,0,1274
161,Priya Sharma,Delhi,Bike,4.3,2022-09-03,1,747
162,Meera Kapoor,Bangalore,Bike,3.9,2022-02-23,1,348
163,Kavya Pillai,Pune,Bike,3.4,2020-08-30,1,322
164,Meera Kapoor,Chennai,Bike,3.7,2023-09-19,1,96
165,Rahul Rao,Hyderabad,E-Scooter,4.4,2021-03-02,1,505
166,Gaurav Kapoor,Mumbai,Bike,4.9,2021-10-15,0,583
167,Manish Pillai,Mumbai,Bicycle,3.4,2020-01-08,1,1356
168,Pooja Iyer,Jaipur,Bike,3.3,2021-02-26,0,1697
169,Swati Gupta,Chennai,Bike,3.2,2021-09-25,1,1077
170,Sneha Shah,Chennai,E-Scooter,4.4,2020-08-05,1,1180
171,Kavya Gupta,Mumbai,Bike,4.2,2022-01-01,1,368
172,Meera Rao,Bangalore,Bike,3.7,2020-03-01,1,1185
173,Neha Kumar,Delhi,Bike,4.8,2020-06-07,1,1966
174,Asha Sharma,Delhi,Bicycle,4.9,2021-05-03,1,1646
175,Pallavi Gupta,Kolkata,Bike,4.4,2022-07-08,1,1740
176,Pallavi Iyer,Mumbai,Bike,4.4,2023-12-25,1,1052
177,Priya Pillai,Bangalore,Bike,3.3,2023-12-10,1,1793
178,Vikas Rao,Mumbai,Bike,3.7,2023-09-08,1,724
179,Rahul Mehta,Delhi,E-Scooter,3.4,2023-03-29,1,1906
180,Sachin Reddy,Mumbai,Bike,4.2,2023-05-27,1,1550
181,Amit Patel,Pune,Bike,4.4,2022-11-13,1,1299
182,Nikhil Nair,Delhi,Bicycle,4.1,2023-11-18,1,1504
183,Asha Nair,Jaipur,Bike,4.3,2020-06-28,1,249
184,Asha Pillai,Delhi,Bike,4.9,2021-01-07,1,874
185,Arjun Mehta,Bangalore,Bicycle,4.2,2021-06-19,0,1656
186,Aditya Rao,Delhi,Bike,3.2,2023-03-25,1,1229
187,Arjun Iyer,Pune,Bike,4.0,2022-09-17,1,660
188,Amit Iyer,Delhi,Bike,3.3,2020-03-16,1,910
189,Ananya Pillai,Bangalore,Bicycle,3.9,2023-10-20,1,867
190,Siddharth Iyer,Delhi,Bike,3.6,2022-10-28,1,662
191,Riya Patel,Bangalore,Bike,3.6,2020-02-01,1,448
192,Nikhil Verma,Bangalore,Bike,4.7,2021-04-04,1,991
193,Swati Verma,Chennai,Bike,4.8,2020-01-15,1,1433
194,Sunita Gupta,Mumbai,E-Scooter,3.5,2021-04-13,1,1620
195,Rahul Pillai,Mumbai,Bicycle,3.8,2023-01-23,1,555
196,Nikhil Kumar,Kolkata,Bike,3.8,2021-12-13,1,1247
197,Nikhil Verma,Kolkata,Bicycle,4.2,2021-08-11,1,618
198,Siddharth Patel,Mumbai,Bike,4.6,2020-12-10,1,1320
199,Asha Rao,Chennai,Bike,4.9,2023-08-10,1,1360
200,Rekha Gupta,Bangalore,Bike,3.6,2021-03-10,1,1746
201,Pooja Kapoor,Mumbai,Bike,4.8,2022-08-16,1,956
202,Swati Rao,Mumbai,E-Scooter,4.3,2023-07-12,1,668
203,Siddharth Verma,Mumbai,E-Scooter,3.8,2021-01-08,1,1892
204,Neha Joshi,Delhi,Bike,5.0,2020-01-08,1,308
205,Deepak Patel,Chennai,E-Scooter,3.4,2020-12-24,1,1074
206,Riya Shah,Mumbai,Bike,3.5,2021-10-11,1,1248
207,Aditya Nair,Mumbai,Bike,3.6,2022-08-19,1,1287
208,Neha Patel,Bangalore,Bike,4.4,2020-10-12,1,1377
209,Sneha Kapoor,Delhi,Bike,4.7,2021-08-07,1,1436
210,Swati Singh,Delhi,Bike,3.9,2022-07-20,1,1539
211,Neha Gupta,Bangalore,Bike,3.7,2023-04-26,1,1696
212,Amit Nair,Jaipur,Bike,3.9,2022-09-01,1,1926
213,Deepak Singh,Chennai,Bike,3.9,2021-11-16,1,1765
214,Arjun Kumar,Delhi,Bike,4.9,2021-07-01,1,1308
215,Sneha Singh,Hyderabad,Bike,5.0,2021-10-26,0,1507
216,Priya Shah,Bangalore,Bike,4.0,2023-10-24,1,187
217,Rekha Verma,Mumbai,Bike,4.7,2022-10-03,1,1171
218,Asha Singh,Mumbai,Bicycle,4.3,2020-08-30,1,191
219,Nikhil Das,Hyderabad,Bike,4.4,2021-11-17,1,1338
220,Sachin Iyer,Pune,Bike,3.6,2020-08-22,1,1045
221,Meera Gupta,Mumbai,Bike,3.4,2023-06-25,1,1525
222,Tarun Shah,Delhi,Bike,4.8,2020-05-10,1,1782
223,Divya Joshi,Mumbai,Bike,3.3,2023-03-05,1,1750
224,Pallavi Nair,Delhi,Bike,4.2,2023-11-11,1,1839
225,Manish Singh,Delhi,Bike,3.7,2021-06-19,1,1332
226,Nikhil Kapoor,Bangalore,Bike,3.4,2022-01-13,1,1146
227,Sneha Das,Hyderabad,Bike,3.6,2022-11-27,1,751
228,Vikas Mehta,Bangalore,E-Scooter,4.9,2020-08-04,1,251
229,Asha Sharma,Chennai,Bicycle,4.6,2020-09-11,1,854
230,Pooja Pillai,Delhi,E-Scooter,4.8,2023-09-15,0,180
231,Swati Verma,Chennai,E-Scooter,3.8,2021-06-20,1,1704
232,Swati Shah,Kolkata,Bike,3.8,2023-03-13,1,1011
233,Vikram Pillai,Jaipur,Bike,4.3,2020-09-05,1,1717
234,Divya Shah,Chennai,Bicycle,3.2,2021-09-23,1,694
235,Pooja Gupta,Mumbai,E-Scooter,4.0,2021-08-18,1,733
236,Amit Patel,Pune,E-Scooter,4.6,2023-03-12,1,905
237,Kavya Nair,Hyderabad,Bicycle,4.5,2022-08-11,1,1642
238,Asha Reddy,Mumbai,E-Scooter,3.3,2022-06-13,1,945
239,Asha Shah,Pune,E-Scooter,3.5,2023-05-08,1,1878
240,Riya Sharma,Bangalore,Bike,3.8,2022-02-04,1,999
241,Amit Shah,Pune,Bike,4.1,2022-12-20,1,989
242,Ananya Gupta,Mumbai,Bike,4.0,2022-11-23,1,1982
243,Amit Nair,Jaipur,Bike,4.4,2023-09-30,1,164
244,Manish Reddy,Kolkata,Bike,4.5,2021-09-05,1,1618
245,Arjun Kapoor,Chennai,Bike,4.3,2022-11-08,1,1817
246,Rekha Iyer,Chennai,Bike,3.4,2020-08-02,0,1740
247,Gaurav Patel,Mumbai,E-Scooter,4.5,2022-03-15,1,1930
248,Nikhil Reddy,Delhi,Bicycle,4.8,2020-11-12,1,1591
249,Nisha Pillai,Mumbai,Bike,3.9,2023-05-12,1,1972
250,Riya Kapoor,Jaipur,Bike,4.5,2020-05-13,1,830
251,Karan Reddy,Mumbai,Bike,3.7,2021-11-06,0,1277
252,Riya Shah,Mumbai,E-Scooter,3.7,2023-01-16,1,282
253,Amit Reddy,Pune,Bike,4.6,2020-05-25,0,1955
254,Priya Sharma,Mumbai,Bike,4.8,2021-03-29,1,1023
255,Vikas Patel,Delhi,Bike,3.3,2022-03-24,1,1231
256,Sunita Patel,Hyderabad,Bike,4.3,2020-04-05,1,606
257,Meera Kapoor,Delhi,Bike,4.1,2020-04-27,1,1757
258,Tarun Kumar,Delhi,Bike,4.4,2022-01-11,1,704
259,Priya Joshi,Delhi,Bike,4.4,2020-06-09,0,1107
260,Nikhil Rao,Kolkata,Bike,4.1,2023-06-21,1,587
261,Pallavi Patel,Mumbai,Bike,4.0,2023-11-17,1,879
262,Tarun Joshi,Pune,Bike,3.4,2020-05-25,1,1106
263,Pooja Iyer,Kolkata,Bike,4.2,2021-12-31,1,839
264,Aditya Joshi,Bangalore,Bike,3.5,2020-04-12,1,135
265,Nisha Sharma,Hyderabad,Bike,5.0,2020-11-18,1,573
266,Riya Singh,Delhi,Bike,4.0,2021-11-14,1,1167
267,Meera Nair,Delhi,E-Scooter,4.2,2022-07-10,1,1092
268,Kavya Kapoor,Mumbai,Bike,3.5,2021-12-28,0,1484
269,Riya Patel,Bangalore,Bike,3.8,2023-06-19,1,921
270,Swati Joshi,Bangalore,Bike,4.8,2020-11-10,1,1665
271,Rohan Verma,Bangalore,E-Scooter,4.0,2022-01-14,1,930
272,Rekha Nair,Bangalore,Bike,3.3,2021-07-30,1,1504
273,Karan Gupta,Mumbai,E-Scooter,3.9,2021-04-10,1,538
274,Riya Pillai,Mumbai,Bicycle,4.9,2020-01-12,1,1205
275,Amit Sharma,Kolkata,Bike,4.6,2020-12-13,1,1514
276,Swati Das,Pune,Bike,4.9,2023-03-19,1,1849
277,Divya Gupta,Chennai,Bike,4.4,2022-01-16,1,1937
278,Arjun Patel,Delhi,Bike,4.8,2020-08-15,1,1744
279,Nisha Reddy,Mumbai,Bike,3.7,2021-03-26,1,1869
280,Priya Shah,Hyderabad,Bicycle,4.1,2023-06-30,1,965
281,Sneha Iyer,Jaipur,E-Scooter,4.4,2022-06-23,1,271
282,Manish Iyer,Delhi,Bike,3.9,2023-04-10,1,656
283,Neha Kapoor,Mumbai,Bike,3.6,2021-03-22,1,82
284,Manish Shah,Mumbai,Bike,4.9,2023-07-28,1,333
285,Nikhil Shah,Jaipur,Bike,4.0,2020-11-07,0,423
286,Rahul Singh,Mumbai,Bicycle,3.6,2022-08-26,1,989
287,Manish Rao,Mumbai,Bike,3.6,2020-03-18,1,735
288,Sachin Kumar,Bangalore,Bike,4.9,2020-02-27,1,246
289,Nikhil Gupta,Mumbai,Bike,3.3,2020-02-20,1,764
290,Manish Joshi,Bangalore,Bike,4.7,2023-11-14,1,983
291,Pallavi Joshi,Pune,Bike,3.7,2022-02-16,1,783
292,Rahul Verma,Bangalore,Bike,4.2,2022-01-03,1,1725
293,Ananya Iyer,Delhi,E-Scooter,3.9,2021-03-16,1,541
294,Arjun Joshi,Chennai,Bike,5.0,2022-02-07,1,1723
295,Pooja Shah,Hyderabad,Bike,4.1,2021-04-27,1,732
296,Vikas Verma,Delhi,E-Scooter,4.1,2020-07-18,1,130
297,Manish Gupta,Chennai,Bike,3.9,2020-03-18,1,1415
298,Rekha Sharma,Chennai,Bike,4.3,2022-05-19,1,623
299,Amit Das,Mumbai,E-Scooter,3.9,2022-10-09,1,166
300,Manish Joshi,Pune,E-Scooter,3.8,2021-10-15,1,1912
