Booking_ID,ticket_price_usd
162401,413.99
162402,362.49
162403,802.71
162404,623.85
162405,571.16
162406,479.17
162407,521.83
162408,330.3
162409,710.95
162410,479.36
162411,432.49
162412,661.79
162413,729.66
162414,562.45
162415,373.66
162416,299.44
162417,503.13
162418,560.8
162419,612.74
162420,414.3
162421,260.04
162422,382.17
162423,641.96
162424,505.21
162425,533.79
162426,188.26
162427,608.37
162428,639.07
162429,407.42
162430,783.52
162431,414.55
162432,234.65
162433,331.67
162434,679.18
162435,569.28
162436,619.3
162437,423.11
162438,462.94
162439,307.16
162440,461.84
162441,450.15
162442,657.2
162443,307.52
162444,306.05
162445,778.83
162446,462.42
162447,546.63
162448,419.45
162449,163.49
162450,355.07
162451,431.64
162452,441.64
162453,493.87
162454,438.18
162455,838.8
162456,444.23
162457,473.6
162458,341.79
162459,293.82
162460,797.46
162461,587.54
162462,277.88
162463,496.2
162464,363.02
162465,605.62
162466,337.99
162467,513.75
162468,474.63
162469,942.21
162470,421.37
162471,372.87
162472,461.44
162473,491.58
162474,743.66
162475,556.68
162476,573.58
162477,544.27
162478,467.76
162479,237.95
162480,421.75
162481,665.53
162482,711.34
162483,565.54
162484,439.42
162485,397.03
162486,669.97
162487,423.4
162488,269.92
162489,421.48
162490,254.46
162491,342.74
162492,600.54
162493,159.06
162494,368.63
162495,498.41
162496,685.47
162497,450.07
162498,564.14
162499,608.58
162500,587.36
162501,370.04
162502,326.3
162503,262.31
162504,764.71
162505,488.02
162506,484.16
162507,537.36
162508,418.65
162509,299.43
162510,417.05
162511,462.27
162512,327.56
162513,636.64
162514,446.93
162515,306.3
162516,603.08
162517,240.42
162518,607.83
162519,679.62
162520,501.28
162521,281.77
162522,626.92
162523,299.1
162524,443.02
162525,677.4
162526,541.08
162527,487.22
162528,221.81
162529,590.64
162530,574.49
162531,440.78
162532,600.62
162533,475.59
162534,400.38
162535,759.25
162536,386.35
162537,654.29
162538,483.45
162539,497.88
162540,508.64
162541,397.37
162542,359.51
162543,554.11
162544,442.25
162545,456.24
162546,712.98
162547,448.17
162548,448.36
162549,286.65
162550,172.97
162551,546.23
162552,211.04
162553,627.61
162554,467.0
162555,496.78
162556,512.66
162557,374.72
162558,515.67
162559,465.8
162560,359.27
162561,533.77
162562,641.8
162563,471.58
162564,809.79
162565,403.13
162566,327.23
162567,493.03
162568,329.78
162569,360.38
162570,426.86
162571,371.76
162572,495.74
162573,429.75
162574,502.67
162575,596.16
162576,520.9
162577,605.73
162578,645.42
162579,286.4
162580,731.98
162581,642.44
162582,318.02
162583,436.64
162584,436.49
162585,255.29
162586,381.48
162587,356.84
162588,391.06
162589,324.78
162590,745.74
162591,782.69
162592,636.66
162593,304.64
162594,315.95
162595,450.04
162596,596.41
162597,399.17
162598,391.38
162599,394.36
162600,514.81
162601,480.21
162602,412.85
162603,527.65
162604,654.91
162605,563.21
162606,507.7
162607,451.29
162608,386.56
162609,637.22
162610,450.95
162611,623.4
162612,373.4
162613,768.72
162614,385.95
162615,713.36
162616,314.74
162617,525.83
162618,420.47
162619,407.21
162620,210.98
162621,474.77
162622,414.95
162623,473.85
162624,346.49
162625,388.79
162626,355.65
162627,517.73
162628,671.56
162629,395.83
162630,466.61
162631,702.26
162632,573.96
162633,330.61
162634,672.7
162635,530.61
162636,475.51
162637,444.62
162638,464.05
162639,335.74
162640,677.69
162641,400.92
162642,691.57
162643,486.93
162644,681.83
162645,760.61
162646,523.76
162647,490.06
162648,445.94
162649,734.78
162650,499.25
162651,277.85
162652,614.04
162653,422.47
162654,544.23
162655,653.53
162656,514.13
162657,654.34
162658,320.77
162659,486.62
162660,728.79
162661,561.03
162662,414.46
162663,762.36
162664,467.65
162665,290.35
162666,584.12
162667,912.96
162668,356.98
162669,383.77
162670,222.44
162671,261.92
162672,451.28
162673,734.33
162674,752.25
162675,164.04
162676,642.69
162677,597.89
162678,386.86
162679,656.12
162680,376.84
162681,467.38
162682,844.82
162683,316.09
162684,434.76
162685,291.39
162686,450.57
162687,754.37
162688,276.47
162689,544.8
162690,229.4
162691,578.1
162692,472.41
162693,670.15
162694,472.78
162695,465.99
162696,558.1
162697,531.36
162698,554.61
162699,499.25
162700,471.05
162701,511.44
162702,781.24
162703,752.57
162704,526.69
162705,265.26
162706,398.14
162707,459.87
162708,411.85
162709,795.34
162710,494.86
162711,371.77
162712,336.56
162713,472.75
162714,373.3
162715,641.81
162716,556.98
162717,499.79
162718,241.2
162719,466.27
162720,344.29
162721,486.0
162722,284.57
162723,548.83
162724,405.81
162725,624.37
162726,867.72
162727,404.43
162728,386.07
162729,613.4
162730,795.03
162731,609.13
162732,425.77
162733,587.39
162734,487.05
162735,362.87
162736,236.46
162737,526.96
162738,467.43
162739,565.5
162740,496.09
162741,594.72
162742,508.59
162743,395.22
162744,402.41
162745,340.58
162746,516.08
162747,518.83
162748,411.74
162749,438.44
162750,313.42
162751,315.94
162752,618.48
162753,424.97
162754,701.43
162755,425.12
162756,670.49
162757,376.63
162758,457.39
162759,290.58
162760,659.05
162761,335.61
162762,411.75
162763,457.51
162764,690.76
162765,514.32
162766,801.39
162767,545.52
162768,564.02
162769,381.41
162770,692.06
162771,516.84
162772,506.79
162773,422.33
162774,467.85
162775,387.8
162776,469.79
162777,405.28
162778,518.41
162779,290.93
162780,570.24
162781,514.56
162782,201.56
162783,603.42
162784,505.96
162785,659.69
162786,282.22
162787,662.45
162788,751.59
162789,511.69
162790,767.08
162791,295.46
162792,699.56
162793,423.96
162794,648.78
162795,595.89
162796,683.26
162797,561.95
162798,484.77
162799,305.29
162800,365.43
162801,531.24
162802,510.12
162803,423.12
162804,456.97
162805,593.5
162806,607.67
162807,452.41
162808,471.06
162809,552.55
162810,390.1
162811,676.15
162812,462.26
162813,774.17
162814,579.18
162815,516.66
162816,496.15
162817,448.94
162818,572.13
162819,327.26
162820,536.92
162821,539.61
162822,563.16
162823,594.65
162824,289.42
162825,684.52
162826,819.53
162827,432.2
162828,408.72
162829,378.86
162830,362.72
162831,585.04
162832,427.88
162833,308.06
162834,797.6
162835,525.22
162836,594.07
162837,552.91
162838,449.03
162839,331.6
162840,293.64
162841,575.69
162842,647.1
162843,253.72
162844,385.12
162845,442.83
162846,546.91
162847,312.65
162848,328.08
162849,708.54
162850,447.65
162851,403.29
162852,1090.67
162853,321.57
162854,599.38
162855,466.31
162856,347.16
162857,400.07
162858,604.69
162859,651.17
162860,341.26
162861,485.37
162862,504.07
162863,776.56
162864,636.79
162865,573.74
162866,410.62
162867,254.96
162868,539.88
162869,530.74
162870,501.3
162871,652.41
162872,192.11
162873,598.21
162874,786.2
162875,464.68
162876,660.29
162877,298.62
162878,378.37
162879,483.48
162880,560.52
162881,589.68
162882,421.66
162883,568.69
162884,302.53
162885,500.5
162886,775.13
162887,553.83
162888,553.81
162889,522.74
162890,643.47
162891,303.77
162892,365.46
162893,288.84
162894,478.93
162895,378.68
162896,166.71
162897,142.36
162898,473.13
162899,500.58
162900,597.65
