Booking_Id,ticket_price_usd
162401,474.5139480980717
162402,414.68483345619967
162403,760.7883063544709
162404,453.24698811075456
162405,555.7709972669885
162406,435.9162031912371
162407,613.5892134709818
162408,428.98038898945964
162409,550.6036744298387
162410,428.8113877879018
162411,311.0397606892193
162412,551.0495513925682
162413,605.8254535071902
162414,583.5214636620491
162415,409.72811939534796
162416,387.9838626467723
162417,569.8827028482873
162418,637.4152695352018
162419,675.2617879869651
162420,516.8308936095793
162421,348.17946462290087
162422,330.3186911775925
162423,524.4543785521192
162424,531.9422229218543
162425,337.6843994872245
162426,285.33166664320595
162427,429.30823780863875
162428,513.7506556402878
162429,474.8495621456787
162430,693.7259309719433
162431,406.7758698909184
162432,337.6111973793728
162433,430.54079837444823
162434,715.6352358458281
162435,643.9119559763551
162436,663.7396526357794
162437,505.32582836872757
162438,368.9628802017829
162439,384.94451324838946
162440,528.1573438644572
162441,448.64303334060025
162442,696.6972118052491
162443,293.17560060531787
162444,399.7383440381242
162445,581.3273996889127
162446,521.936457602912
162447,389.888299068433
162448,507.2101291480648
162449,262.1784823429394
162450,440.70328105701384
162451,493.3696172687429
162452,526.4306849146413
162453,398.6468171270532
162454,510.6524491532094
162455,731.44353383906
162456,503.68324504653
162457,548.7896179223793
162458,250.55899196421882
162459,399.9945117474349
162460,688.5221318849357
162461,505.5471692834886
162462,379.0411282703456
162463,405.56201960484657
162464,436.93077693288967
162465,657.7415131133428
162466,398.3376311717029
162467,463.7105850298011
162468,468.5587023132755
162469,749.0086887143452
162470,480.66440352933085
162471,441.2232339044098
162472,392.58348160153497
162473,554.8787799053603
162474,637.599639478711
162475,540.6816893525599
162476,657.2622136028943
162477,538.5334884238904
162478,551.3135431039303
162479,315.964901058105
162480,484.67046732102415
162481,536.3184123999973
162482,510.30849019923926
162483,649.3307985932128
162484,516.3592858851472
162485,495.4381331223462
162486,737.6616528004628
162487,471.85016535865964
162488,368.0853617455951
162489,506.52943630535367
162490,293.633191643372
162491,429.1979448512467
162492,533.9171977495873
162493,233.8270327841998
162494,433.97922867791027
162495,551.9463637866039
162496,748.4831483112049
162497,425.2893162562818
162498,482.8072443010281
162499,657.2391944481806
162500,493.92884204009675
162501,474.9458852605867
162502,413.8512501729666
162503,313.1124914585619
162504,656.6185835733438
162505,564.2341280433496
162506,404.3287310986084
162507,412.7488057923563
162508,443.0891763861781
162509,275.4127997673645
162510,527.2924302228046
162511,379.45617637726644
162512,407.92838814684944
162513,607.4737859910641
162514,500.1382413463773
162515,368.33918788026847
162516,700.9370217110616
162517,322.23514460761015
162518,729.5492792996974
162519,571.6352240934153
162520,466.6261458171644
162521,325.926624787885
162522,474.89384448915155
162523,348.6752388046614
162524,339.0646320963383
162525,559.3988573617503
162526,439.2755686522801
162527,578.7127758345134
162528,319.8966388677093
162529,637.4992367321111
162530,665.8843278035425
162531,496.2336498395754
162532,674.8494945719791
162533,386.85133161227236
162534,498.1379350567207
162535,831.3498240696737
162536,328.5512254776222
162537,741.3808154648975
162538,545.4532755877784
162539,543.2610631489986
162540,578.0618333926323
162541,483.9136156858146
162542,473.69324446130815
162543,448.78474094413644
162544,546.7916363756018
162545,378.127130916051
162546,509.70283063302946
162547,527.7151029964652
162548,492.807751063948
162549,350.3094168335098
162550,282.2186912107609
162551,417.04240372357293
162552,290.02019878929764
162553,570.2438506984222
162554,504.95457175709674
162555,443.7410636011057
162556,400.61131321188947
162557,452.36212672859205
162558,562.8386266537657
162559,526.2448814806896
162560,456.3886351143557
162561,546.2311731299209
162562,686.9120086690152
162563,386.1373373465678
162564,613.7925415492986
162565,471.7184159250507
162566,383.6265780778331
162567,560.793749072149
162568,398.0034296155219
162569,420.8829720613102
162570,491.97432359304133
162571,404.9660122756045
162572,588.2281118228714
162573,505.03387663617207
162574,610.4260745928912
162575,687.0915676992183
162576,328.767850601805
162577,637.2405296266319
162578,433.5950314171848
162579,373.12282492432075
162580,613.266117311776
162581,479.717870754724
162582,221.27157741977567
162583,220.85958372274
162584,492.5830916014984
162585,367.8963658089104
162586,463.36931984601745
162587,437.8688155631276
162588,370.61611738129636
162589,391.7812549910921
162590,745.7867982153182
162591,759.6487786332233
162592,406.8291148009924
162593,402.37854110775777
162594,433.81984014323507
162595,522.3450262025327
162596,703.6347408795149
162597,413.748711820214
162598,486.3582596775453
162599,484.862176228132
162600,368.5081001250202
162601,554.2228286056039
162602,485.2123668749686
162603,608.2024816842825
162604,691.8533290902745
162605,501.15864922892484
162606,486.3830635279262
162607,512.4132800844744
162608,462.7882340060439
162609,549.5935333108132
162610,553.727634611197
162611,698.1827839724951
162612,465.8309564119625
162613,654.0036389656107
162614,474.0239496400542
162615,695.7469787371956
162616,382.6857627071519
162617,506.4938491295841
162618,400.08824540279755
162619,467.569678618425
162620,300.3693941064192
162621,468.82500216724287
162622,289.3442772778566
162623,516.9531428835695
162624,455.32322799028736
162625,446.0841011414811
162626,452.0479797564093
162627,425.48222493857423
162628,733.3214224397512
162629,489.44235252153976
162630,524.343719044211
162631,549.5406112166773
162632,424.8233382437525
162633,278.1763867655933
162634,724.4447832608793
162635,500.60594429599405
162636,525.5242453028474
162637,497.0942412979137
162638,506.58890150183606
162639,383.31177282964677
162640,731.2134412156722
162641,461.84854274942677
162642,568.8634550360374
162643,582.2490462800328
162644,721.725365802629
162645,651.5520997150027
162646,350.7242992143299
162647,428.15809364220024
162648,529.9250337968872
162649,604.1028255793004
162650,580.7818146437141
162651,349.7020939719225
162652,512.273233703452
162653,382.0017534635077
162654,447.0227346947444
162655,644.5276378803878
162656,429.1413827495495
162657,529.890231429883
162658,387.9734138803482
162659,593.3825682013751
162660,543.714147215512
162661,446.2231215981392
162662,481.6499878003278
162663,683.4699603903681
162664,517.9321384605822
162665,321.2212232875906
162666,569.3184123298267
162667,723.3335794697153
162668,398.87083522183974
162669,494.04852722806976
162670,321.99916186577553
162671,329.47015418002565
162672,416.30308908846916
162673,551.196347229593
162674,583.4242519178304
162675,262.9307548710067
162676,551.0471676596931
162677,619.6432384176824
162678,425.25733220468646
162679,554.6948316583977
162680,411.64484219049314
162681,503.55371890036423
162682,644.8099918028797
162683,415.7349767351621
162684,477.99042689844407
162685,380.3336922002555
162686,533.5889020112031
162687,587.0233404892424
162688,324.6675851725742
162689,522.2882125116854
162690,336.6100266670033
162691,512.2896185029667
162692,530.6498154124374
162693,496.39107166712256
162694,555.0621461443393
162695,584.366212951584
162696,349.3728043344426
162697,589.0079711380166
162698,427.01805755667067
162699,419.1882727093295
162700,369.1255725149859
162701,593.0844638688944
162702,722.6892377707258
162703,641.5739410450649
162704,588.5933397038253
162705,341.08127427919186
162706,455.90389342992756
162707,505.2522673517316
162708,471.07607683162973
162709,636.2547330582668
162710,543.3539717879928
162711,453.2464098128297
162712,436.6343542758931
162713,516.7724041509368
162714,498.97127298088134
162715,721.9978582134975
162716,459.4385880686485
162717,559.67413166613
162718,316.6048427241773
162719,550.041943999951
162720,429.5316260400523
162721,369.6421735896879
162722,320.6520830855572
162723,471.3628009990699
162724,497.3662646019103
162725,720.8033578198454
162726,722.8285963088034
162727,462.64299720867257
162728,467.5710129227386
162729,637.1225449401877
162730,690.9366442360596
162731,535.89945598749
162732,524.4374054700568
162733,491.831975219352
162734,603.1344119844046
162735,302.80361433091053
162736,333.6980401898196
162737,489.70441636800683
162738,319.9440127940574
162739,542.2039085232443
162740,552.43066383327
162741,688.8993332026772
162742,429.99951658409725
162743,488.07325137775763
162744,336.6835949863018
162745,423.5812048495099
162746,561.3640547800454
162747,583.2515515214261
162748,467.2810720686483
162749,485.6126869289503
162750,356.9000333652837
162751,406.84041584431145
162752,595.1679487054263
162753,505.1524995816609
162754,544.2880876164032
162755,349.3327061682102
162756,619.8174319814681
162757,329.4773205428393
162758,510.71425650078083
162759,359.9199810372332
162760,565.7433455200603
162761,381.50432718520216
162762,511.93941891440926
162763,540.550193663203
162764,544.4812975693216
162765,361.87944016947426
162766,682.9191935172095
162767,612.8947871449902
162768,463.64078390170863
162769,304.8625183608228
162770,574.8269075951819
162771,397.5689853918565
162772,379.09818974108043
162773,352.29130984637237
162774,527.0185941646049
162775,477.236565753642
162776,580.7521456143536
162777,434.3083887867085
162778,417.8604399140623
162779,367.50885973956326
162780,465.89167966417585
162781,388.2177088877095
162782,286.32385660441406
162783,490.5443376023367
162784,576.6719714932555
162785,475.44066277462036
162786,370.02959768880686
162787,428.1075832632149
162788,555.2451048389215
162789,581.4449704818236
162790,570.4559721366701
162791,408.9018914450055
162792,513.428004276913
162793,507.1123611024925
162794,641.8279252761785
162795,527.2502436621401
162796,507.82326758861535
162797,470.4107376571206
162798,408.892523570974
162799,391.57378507885437
162800,408.7861143199214
162801,615.3236816311763
162802,469.26491598305046
162803,485.8296426396026
162804,534.102870122318
162805,385.087994431947
162806,540.9396715537255
162807,554.4937168750897
162808,525.0012267957944
162809,632.8533030070779
162810,449.3633163432167
162811,659.8710128455012
162812,521.346690481361
162813,596.8039686062666
162814,379.9930192665368
162815,602.8479945879808
162816,546.443483553091
162817,539.7811055432583
162818,640.8931583104498
162819,417.4293584383324
162820,541.6559884345573
162821,440.28793565959705
162822,606.2515674933861
162823,486.95741673597774
162824,352.45619500934146
162825,539.5796020616004
162826,719.3302194103109
162827,419.1893588094707
162828,515.8049475493051
162829,488.98750989459916
162830,451.30570656299324
162831,415.6797492155013
162832,507.773551137504
162833,375.8309337096724
162834,575.6552643062245
162835,409.30173589222903
162836,608.0379499793933
162837,317.14633931514084
162838,518.037175341416
162839,414.37417294670547
162840,339.7677736085527
162841,550.9848276855479
162842,564.7726197000271
162843,387.3069297445375
162844,483.12364672429374
162845,497.4508720506668
162846,423.3707124873306
162847,427.7960155875544
162848,397.35829202383485
162849,745.1531483643166
162850,489.7002105498368
162851,468.19005684655826
162852,880.7871332083638
162853,379.2702503093534
162854,544.5784498990936
162855,535.232481717218
162856,415.39581216010606
162857,512.1139232494891
162858,426.2712570917779
162859,523.3149168000521
162860,387.9902679807501
162861,560.2619575056992
162862,436.52211373566985
162863,552.4951060291934
162864,570.3187537588847
162865,476.29913894138423
162866,457.02099183452793
162867,306.83644805203886
162868,354.3612500010026
162869,408.47200805261485
162870,553.6695069168453
162871,576.8268554532015
162872,304.9743167660149
162873,462.74089374249445
162874,550.0525462902062
162875,539.5455984706437
162876,612.8818480964201
162877,394.45262500263993
162878,485.8010570622414
162879,359.93662896205353
162880,450.1452309220441
162881,662.4290329556588
162882,510.6336464663172
162883,545.638721855466
162884,346.317696101838
162885,544.9750414965149
162886,601.2110580618944
162887,648.0470845645879
162888,453.97927928849657
162889,602.2552115028654
162890,727.1063514238522
162891,388.992127300521
162892,454.07011897712727
162893,385.8901096282218
162894,560.3110079893374
162895,478.851440380707
162896,233.8107129205988
162897,237.7705744970629
162898,560.4417930904217
162899,578.8940556160901
162900,601.2789428476431
